[{"__symbolic":"module","version":3,"metadata":{"CompilerConfig":{"__symbolic":"class","members":{"__ctor__":[{"__symbolic":"constructor","parameters":[{"__symbolic":"error","message":"Expression form not supported","line":22,"character":51}]}]}},"preserveWhitespacesDefault":{"__symbolic":"function","parameters":["preserveWhitespacesOption","defaultSetting"],"value":{"__symbolic":"if","condition":{"__symbolic":"binop","operator":"===","left":{"__symbolic":"reference","name":"preserveWhitespacesOption"},"right":null},"thenExpression":{"__symbolic":"reference","name":"defaultSetting"},"elseExpression":{"__symbolic":"reference","name":"preserveWhitespacesOption"}},"defaults":[null,true]}}},{"__symbolic":"module","version":1,"metadata":{"CompilerConfig":{"__symbolic":"class","members":{"__ctor__":[{"__symbolic":"constructor","parameters":[{"__symbolic":"error","message":"Expression form not supported","line":22,"character":51}]}]}},"preserveWhitespacesDefault":{"__symbolic":"function","parameters":["preserveWhitespacesOption","defaultSetting"],"value":{"__symbolic":"if","condition":{"__symbolic":"binop","operator":"===","left":{"__symbolic":"reference","name":"preserveWhitespacesOption"},"right":null},"thenExpression":{"__symbolic":"reference","name":"defaultSetting"},"elseExpression":{"__symbolic":"reference","name":"preserveWhitespacesOption"}},"defaults":[null,true]}}}]