[{"__symbolic":"module","version":3,"metadata":{"PRESERVE_WS_ATTR_NAME":"ngPreserveWhitespaces","replaceNgsp":{"__symbolic":"function","parameters":["value"],"value":{"__symbolic":"call","expression":{"__symbolic":"select","expression":{"__symbolic":"reference","name":"value"},"member":"replace"},"arguments":[{"__symbolic":"new","expression":{"__symbolic":"reference","name":"RegExp"},"arguments":[{"__symbolic":"reference","module":"./tags","name":"NGSP_UNICODE"},"g"]}," "]}},"removeWhitespaces":{"__symbolic":"function","parameters":["htmlAstWithErrors"],"value":{"__symbolic":"error","message":"Reference to non-exported class","line":45,"character":0,"context":{"className":"WhitespaceVisitor"}}}}},{"__symbolic":"module","version":1,"metadata":{"PRESERVE_WS_ATTR_NAME":"ngPreserveWhitespaces","replaceNgsp":{"__symbolic":"function","parameters":["value"],"value":{"__symbolic":"call","expression":{"__symbolic":"select","expression":{"__symbolic":"reference","name":"value"},"member":"replace"},"arguments":[{"__symbolic":"new","expression":{"__symbolic":"reference","name":"RegExp"},"arguments":[{"__symbolic":"reference","module":"./tags","name":"NGSP_UNICODE"},"g"]}," "]}},"removeWhitespaces":{"__symbolic":"function","parameters":["htmlAstWithErrors"],"value":{"__symbolic":"error","message":"Reference to non-exported class","line":45,"character":0,"context":{"className":"WhitespaceVisitor"}}}}}]